product_name,price,image_url,video_url
TB162-9 FUNNY PHONE,₹110,https://cdn.quicksell.co/-OQIdzkXGxkY9q31SvxI/products_400/-OgGZSJH-K2nKLVSY714.jpg,
270 DIANOSAUR PUSH & GO TOYS,₹85,https://cdn.quicksell.co/-OQIdzkXGxkY9q31SvxI/products_400/-Og27k5DLTIpu7ST_VdF.jpg,
652 MILITRY FIGHTER PLANE,₹125,https://cdn.quicksell.co/-OQIdzkXGxkY9q31SvxI/products_400/-Og22yAIn_-9QXFa8Gs7.jpg,
01A PUSH N GO TOYS MIX MODEL ( BULK DISCOUNT),₹900,https://cdn.quicksell.co/-OQIdzkXGxkY9q31SvxI/products_400/-Og1x3PJDBRj-J4SvWSC.jpg,
VEGGIE RUNNERS PUSH & GO TOYS (16PC BOX ),₹55,https://cdn.quicksell.co/-OQIdzkXGxkY9q31SvxI/products_400/-OfTDwdc1OT8MrJl6hvI.jpg,
JUMPING JACK,₹65,https://cdn.quicksell.co/-OQIdzkXGxkY9q31SvxI/products_400/-OfTDudmZSnZzvdUAsv7.jpg,
TOP GEAR,₹80,https://cdn.quicksell.co/-OQIdzkXGxkY9q31SvxI/products_400/-OfOfj5NZnVV8p7P8pYG.jpg,
CARNIVAL WHISTLE TOYS,₹75,https://cdn.quicksell.co/-OQIdzkXGxkY9q31SvxI/products_400/-OfOfcikWUYwzvhWU5nR.jpg,
BIGGIE BALL (6PCBOX),₹55,https://cdn.quicksell.co/-OQIdzkXGxkY9q31SvxI/products_400/-Of-kgURDHYwmsRf3d16.jpg,
PET GET GO MUSICAL,₹125,https://cdn.quicksell.co/-OQIdzkXGxkY9q31SvxI/products_400/-Oe6XMnnL9PcxYXn9Yo0.jpg,
D704-13 DEFT CAR LIGHT MUSIC,₹330,https://cdn.quicksell.co/-OQIdzkXGxkY9q31SvxI/products_400/-OcLYr2X8HCY57Dxh9Kr.jpg,
UP SCALE CAR LIGHT MUSIC,₹290,https://cdn.quicksell.co/-OQIdzkXGxkY9q31SvxI/products_400/-ObprFU3QLCbWaBM7Z7s.jpg,
641 SPRING DIANO,₹120,https://cdn.quicksell.co/-OQIdzkXGxkY9q31SvxI/products_400/-OXDcyvlC4V1qWA1IJVj.jpg,
630 FARMER OFF ROAD,₹100,https://cdn.quicksell.co/-OQIdzkXGxkY9q31SvxI/products_400/-OXDc973LJZr4eTdurj0.jpg,
628 PULL BACK MONSTER,₹100,https://cdn.quicksell.co/-OQIdzkXGxkY9q31SvxI/products_400/-OXDB8z_hBzsfM_mtfUK.jpg,
DTX CAR,₹58,https://cdn.quicksell.co/-OQIdzkXGxkY9q31SvxI/products_400/-OWd7o9zHcsLSjex4Ubs.jpg,
Crash car,₹35,https://cdn.quicksell.co/-OQIdzkXGxkY9q31SvxI/products_400/-OWaTABvrFFUg44_lJQI.jpg,
Bump spin car,₹60,https://cdn.quicksell.co/-OQIdzkXGxkY9q31SvxI/products_400/-OWaTABuaK_s9kW39hUz.jpg,
LABUBU KEY CHAIN ( 24PC BOX ),₹85,https://cdn.quicksell.co/-OQIdzkXGxkY9q31SvxI/products_400/-OVWwXD-DDSJvqLA-rd6.jpg,
ANIMAL FLASH ( 12 PC. BOX ),₹40,https://cdn.quicksell.co/-OQIdzkXGxkY9q31SvxI/products_400/-ORQIaWxVK5CBXhNPReS.jpg,
2915 THUNDER STRIKE GUN,₹430,https://cdn.quicksell.co/-OQIdzkXGxkY9q31SvxI/products_400/-OhQETPcEZEOfTUDOZN9.jpg,
3014 THUNDER STRIKE,₹600,https://cdn.quicksell.co/-OQIdzkXGxkY9q31SvxI/products_400/-OhPiNbRhy9Wtjsx9sn8.jpg,
YF1706 JELLY SHOOT GUN,₹450,https://cdn.quicksell.co/-OQIdzkXGxkY9q31SvxI/products_400/-OhAaws411Uejg3QScoR.jpg,
3012 THUNDER STRIKE,₹300,https://cdn.quicksell.co/-OQIdzkXGxkY9q31SvxI/products_400/-Og29NW-PeD0vfPNQWna.jpg,
2388-19 DUCKLING GUN ( BULK DISCOUNT),₹380,https://cdn.quicksell.co/-OQIdzkXGxkY9q31SvxI/products_400/-OfUkwUlKOkwukfkD5Us.jpg,
YF 1738-4 G36 SMOKE JELLY GUN,₹700,https://cdn.quicksell.co/-OQIdzkXGxkY9q31SvxI/products_400/-OeL1voLVfmNfvEf2f8Q.jpg,
BLASTER SHOTS GUN,₹380,https://cdn.quicksell.co/-OQIdzkXGxkY9q31SvxI/products_400/-Ocsz-uDqNSVEKP5XPW_.jpg,
648-225 POLICE GUN,₹300,https://cdn.quicksell.co/-OQIdzkXGxkY9q31SvxI/products_400/-OcLb-j65yNnof7miVnx.jpg,
SMOKE GATLING GUN,₹340,https://cdn.quicksell.co/-OQIdzkXGxkY9q31SvxI/products_400/-Oa9DJbElo24gy-91OYY.jpg,
SMOKE GUN,₹290,https://cdn.quicksell.co/-OQIdzkXGxkY9q31SvxI/products_400/-Oa9D9zLCiqyCBHF4V8n.jpg,
87 NO BUBBLE GUN ( BULK DISCOUNT),₹180,https://cdn.quicksell.co/-OQIdzkXGxkY9q31SvxI/products_400/-OZo-XlAUF8QmdRifx_S.jpg,
GSH818-36 BUBBLE GUN CHARGEABLE,₹270,https://cdn.quicksell.co/-OQIdzkXGxkY9q31SvxI/products_400/-OZEGXVty5IiAbP_L1Kq.jpg,
2909 THUNDAR STRIKE,₹150,https://cdn.quicksell.co/-OQIdzkXGxkY9q31SvxI/products_400/-OXDncaBD_gMorypAost.jpg,
2914 SMART GUN,₹190,https://cdn.quicksell.co/-OQIdzkXGxkY9q31SvxI/products_400/-OX3zjcmrQMF_XqgR6Sz.jpg,
227 BUBBLE GUN,₹300,https://cdn.quicksell.co/-OQIdzkXGxkY9q31SvxI/products_400/-OW_v2ZDKoqGlDiQlim4.jpg,
VROOM SCOOTY,₹770,https://cdn.quicksell.co/-OQIdzkXGxkY9q31SvxI/products_400/-OpqUOjBLSguXbddFWQM.jpg,
GARUDA SCOOTY WITH LED,₹800,https://cdn.quicksell.co/-OQIdzkXGxkY9q31SvxI/products_400/-OpqUNXJYojbJuW4p91j.jpg,
NASA SCOOTY LIGHT MUSIC,₹650,https://cdn.quicksell.co/-OQIdzkXGxkY9q31SvxI/products_400/-OkggzND_OqPvtpfNhu4.jpg,
611 SCOOTER,₹1350,https://cdn.quicksell.co/-OQIdzkXGxkY9q31SvxI/products_400/-OkSHgFIVUrNYaSsFzb6.jpg,
T22 SCOOTER LIGHT MUSIC SENSOR,₹1650,https://cdn.quicksell.co/-OQIdzkXGxkY9q31SvxI/products_400/-OkSHXEuOIEo4_peZmC8.jpg,
988 SCOOTER,₹1350,https://cdn.quicksell.co/-OQIdzkXGxkY9q31SvxI/products_400/-OkSGJ-biVjGnAqQhp7b.jpg,
HLW-616 SCOOTER,₹1450,https://cdn.quicksell.co/-OQIdzkXGxkY9q31SvxI/products_400/-OkSFf6UrHjtdiRFW9Zq.jpg,
CHAMPION SCOOTER METAL,₹1200,https://cdn.quicksell.co/-OQIdzkXGxkY9q31SvxI/products_400/-OjA5FF-tEKIOkz66wPJ.jpg,
F6 SCOOTER METAL,₹900,https://cdn.quicksell.co/-OQIdzkXGxkY9q31SvxI/products_400/-OjA5-vgwFEXBNWHoJWo.jpg,
C4 METAL SCOOTER,₹720,https://cdn.quicksell.co/-OQIdzkXGxkY9q31SvxI/products_400/-OjA4naV3qut8cGos1S1.jpg,
FAMOUS SCOOTY ( CHINA ),₹1000,https://cdn.quicksell.co/-OQIdzkXGxkY9q31SvxI/products_400/-OZ97GhrKaHU2W_tKK7A.jpg,
super scooty led,₹720,https://cdn.quicksell.co/-OQIdzkXGxkY9q31SvxI/products_400/-OWg51UFctGo2XSyz-Vo.jpg,
COCO LIGHT MUSIC SCOOTY,₹820,https://cdn.quicksell.co/-OQIdzkXGxkY9q31SvxI/products_400/-OWg51UFctGo2XSyz-Vm.jpg,
FLASH KICK SCOOTY LIGHT MUSIC,₹1180,https://cdn.quicksell.co/-OQIdzkXGxkY9q31SvxI/products_400/-OWg51UCRXd5xTBwwRpe.jpg,
GY 6328 FAMOUS CAR 2 WAY,₹140,https://cdn.quicksell.co/-OQIdzkXGxkY9q31SvxI/products_400/-OojRzuTH-DAkaJNZ6gF.jpg,
806-103 ROBOT RC CAR,₹750,https://cdn.quicksell.co/-OQIdzkXGxkY9q31SvxI/products_400/-Ooe7BXwJA1SZsMih9jN.jpg,
2152B HURRICANE STUNT CAR METAL,₹800,https://cdn.quicksell.co/-OQIdzkXGxkY9q31SvxI/products_400/-Ooe6Eca2DuH7I6BSSl2.jpg,
1681 MINI RACING RC CAN,₹650,https://cdn.quicksell.co/-OQIdzkXGxkY9q31SvxI/products_400/-Ooe60g-AMoctM567pNz.jpg,
GY 2090-14 GOYO STUNT CAR,₹220,https://cdn.quicksell.co/-OQIdzkXGxkY9q31SvxI/products_400/-OociS2OK2t9y61xp4M7.jpg,
3699-L7 TOY BOI ROCK CAR,₹450,https://cdn.quicksell.co/-OQIdzkXGxkY9q31SvxI/products_400/-OoZ2kL2OaBxJZYCDZ2d.jpg,
TB 5141 ROCK CAR BIG TOY BOI,₹800,https://cdn.quicksell.co/-OQIdzkXGxkY9q31SvxI/products_400/-OoZ2BfLNCvLelFXaand.jpg,
828 FLYING CAR,₹1600,https://cdn.quicksell.co/-OQIdzkXGxkY9q31SvxI/products_400/-OoYxEDXWqBwmNMHsCa9.jpg,
LAMBORGHINI RC BIG SIZE,₹850,https://cdn.quicksell.co/-OQIdzkXGxkY9q31SvxI/products_400/-OoV5A7odh-WVpWSpXU7.jpg,
606-30 WISER ROBOT ( BULK DISCOUNT),₹750,https://cdn.quicksell.co/-OQIdzkXGxkY9q31SvxI/products_400/-OoTiFLh_Tyfl0quvsuA.jpg,
606-39 SMART SENSOR ROBOT ( BULK DISCOUNT ),₹950,https://cdn.quicksell.co/-OQIdzkXGxkY9q31SvxI/products_400/-OoThrtOnQIaYNVt5cgW.jpg,
128-4A-48 SPRAY ELEPHANT ( BULK DISCOUNT),₹850,https://cdn.quicksell.co/-OQIdzkXGxkY9q31SvxI/products_400/-OoThrtN7muZELBqYrFz.jpg,
128A-164 SPRAY SHARK ( BULK DISCOUNT),₹950,https://cdn.quicksell.co/-OQIdzkXGxkY9q31SvxI/products_400/-OoThrtMIRe-sS6R1xh4.jpg,
606-32 DANCING ROBOT,₹930,https://cdn.quicksell.co/-OQIdzkXGxkY9q31SvxI/products_400/-OoThrtLGQWQijsGlV2e.jpg,
GY0233 DARE DEVIL,₹400,https://cdn.quicksell.co/-OQIdzkXGxkY9q31SvxI/products_400/-OoR3nU0vF0T_Ip9CZNQ.jpg,
GY-20149 BOSS CAR,₹800,https://cdn.quicksell.co/-OQIdzkXGxkY9q31SvxI/products_400/-OoQm2GtJ5jJox06wKYk.jpg,
GY 9798 GADI,₹340,https://cdn.quicksell.co/-OQIdzkXGxkY9q31SvxI/products_400/-OoQ-K2p4PwyZqeu9ZvJ.jpg,
TBRC 04 GO KART CAR,₹1100,https://cdn.quicksell.co/-OQIdzkXGxkY9q31SvxI/products_400/-OoPj5IjYBZhI9KTvQSF.jpg,
MULTI FUNCTIONAL ROBOT 606-37,₹850,https://cdn.quicksell.co/-OQIdzkXGxkY9q31SvxI/products_400/-OoOkBo7zjHg9a5pjPtV.jpg,
955-265 AI JELLY ROBOT DOG,₹2000,https://cdn.quicksell.co/-OQIdzkXGxkY9q31SvxI/products_400/-OoEs9e8mH9qQY24WDbg.jpg,
WD P31 KITCHEN SET,₹3500,https://cdn.quicksell.co/-OQIdzkXGxkY9q31SvxI/products_400/-OgBl3v2d-9BzCkVflPc.jpg,
668-61 PRINCESS HOUSE 61PCS,₹1380,https://cdn.quicksell.co/-OQIdzkXGxkY9q31SvxI/products_400/-OgBjhgJht45aHRskQ4R.jpg,
668-25 PRINCESS HOUSE 156 PCS,₹2400,https://cdn.quicksell.co/-OQIdzkXGxkY9q31SvxI/products_400/-OgBirq3nbUaDnH4fYEo.jpg,
HOLA HE 999500 REMOTE Control Airplane,₹1750,https://cdn.quicksell.co/-OQIdzkXGxkY9q31SvxI/products_400/-Og1ykb5G_v_ugp03GC8.jpg,
840 BRICK BLOCK 549 PCS,₹1740,https://cdn.quicksell.co/-OQIdzkXGxkY9q31SvxI/products_400/-OfYyfwQ9OcM24HNrPDL.jpg,
820 BRICK BLOCK,₹2430,https://cdn.quicksell.co/-OQIdzkXGxkY9q31SvxI/products_400/-OfYyJxA0OjjkPuDQatn.jpg,
829 BRICK BLOCK 729PCS,₹2100,https://cdn.quicksell.co/-OQIdzkXGxkY9q31SvxI/products_400/-OfYyBMUUhXRL0VReTsv.jpg,
3312 PIANO DRESSER,₹1650,https://cdn.quicksell.co/-OQIdzkXGxkY9q31SvxI/products_400/-OeGf1W58Aai8Zu4HrBI.jpg,
SGT BABY GYM RC WITH REMOTE,₹1050,https://cdn.quicksell.co/-OQIdzkXGxkY9q31SvxI/products_400/-OeGd7KX6td6GVe7UjBc.jpg,
1126 2IN1 PIANO RACK & WALKER ( BULK DISCOUNT),₹1100,https://cdn.quicksell.co/-OQIdzkXGxkY9q31SvxI/products_400/-OeGaLOuhVzRADIRNbP5.jpg,
TOY BOI 6981 SPACE WALKING CAR,₹1250,https://cdn.quicksell.co/-OQIdzkXGxkY9q31SvxI/products_400/-OdYj7X0ty_RXuTKR7MY.jpg,
SPACE ROCKET 008-501,₹1350,https://cdn.quicksell.co/-OQIdzkXGxkY9q31SvxI/products_400/-ObbHLdtNzMwiF8vfLfa.jpg,
2in1 PITCHER GAME,₹1540,https://cdn.quicksell.co/-OQIdzkXGxkY9q31SvxI/products_400/-OaxpkIWuJKgqATm8CDh.jpg,
TELESCOPE 1001 GUANGXUEBAO,₹1400,https://cdn.quicksell.co/-OQIdzkXGxkY9q31SvxI/products_400/-OaxYPjDtFmbZrMs29_B.jpg,
20335 JR. DRUM BEAT SET,₹1650,https://cdn.quicksell.co/-OQIdzkXGxkY9q31SvxI/products_400/-OaxXK__CVHinDsG2M1M.jpg,
668- 3 PRETTY DOLL HOUSE,₹2100,https://cdn.quicksell.co/-OQIdzkXGxkY9q31SvxI/products_400/-OWoUvSM4hknlcvVW1ts.jpg,
HOME TOILET,₹980,https://cdn.quicksell.co/-OQIdzkXGxkY9q31SvxI/products_400/-OWa0CJqMB8uh-CaMUb8.jpg,
AIR HOCKEY,₹1000,https://cdn.quicksell.co/-OQIdzkXGxkY9q31SvxI/products_400/-OWa-g99LwoCGc9l8pfz.jpg,
B/O HAPPY FAMILY DOLL HOUSE,₹1700,https://cdn.quicksell.co/-OQIdzkXGxkY9q31SvxI/products_400/-OWG-4Vwp8607nqQ7CFg.jpg,
LEARNING BASKET BALL,₹1150,https://cdn.quicksell.co/-OQIdzkXGxkY9q31SvxI/products_400/-OW4sDN_akF6QJk7TmsA.jpg,
MANKU MINI TRENDY WORLD,₹190,https://cdn.quicksell.co/-OQIdzkXGxkY9q31SvxI/products_400/-OoeOcE9zfSl09uePdwI.jpg,
Gy 2029 MONKEY GOYO,₹125,https://cdn.quicksell.co/-OQIdzkXGxkY9q31SvxI/products_400/-OoUqIded_EiMRpOPaT0.jpg,
GOYO BIG CONCEPT CAR,₹180,https://cdn.quicksell.co/-OQIdzkXGxkY9q31SvxI/products_400/-OoQoAxHrRmDeqFa0V83.jpg,
GOYO YJ 388-19 BALL DOG,₹180,https://cdn.quicksell.co/-OQIdzkXGxkY9q31SvxI/products_400/-OoQluXyJB9XCrVRCSgB.jpg,
TB 515 ANIMAL,₹110,https://cdn.quicksell.co/-OQIdzkXGxkY9q31SvxI/products_400/-OoPlUFu5t6B_8SWsrmt.jpg,
JC-LCD -31 LCD GEMOTERY,₹70,https://cdn.quicksell.co/-OQIdzkXGxkY9q31SvxI/products_400/-OoPUkK5xTeHY1qT5ewx.jpg,
KF5 ROPE CHALLENGE CHINA PACK,₹175,https://cdn.quicksell.co/-OQIdzkXGxkY9q31SvxI/products_400/-OoA7FTKzrHLRGbMmoKs.jpg,
CLEVER MILCH COW,₹110,https://cdn.quicksell.co/-OQIdzkXGxkY9q31SvxI/products_400/-Oo4AQqyNlaRdpOKK7Lu.jpg,
5505-1 DIE CAST METAL TRUCK,₹210,https://cdn.quicksell.co/-OQIdzkXGxkY9q31SvxI/products_400/-Oo48PPhIo7kOW9aZPs1.jpg,
5504-1 DIE CAST METAL,₹210,https://cdn.quicksell.co/-OQIdzkXGxkY9q31SvxI/products_400/-Oo48PPg7gRiBynPAuW4.jpg,
5501-1 DIE CAST METAL,₹210,https://cdn.quicksell.co/-OQIdzkXGxkY9q31SvxI/products_400/-Oo48PPfA1YocUyJOEYB.jpg,
FOAM CLAY CHINA,₹24,https://cdn.quicksell.co/-OQIdzkXGxkY9q31SvxI/products_400/-Oo-6qZbemq8DokAGJY_.jpg,
919 ROCK BAND,₹150,https://cdn.quicksell.co/-OQIdzkXGxkY9q31SvxI/products_400/-Ong27aXBnIXQmGQMRlu.jpg,
TB111 RATTLE,₹125,https://cdn.quicksell.co/-OQIdzkXGxkY9q31SvxI/products_400/-OnflK7j04jxA-mWNZfE.jpg,
Kids small trolley beauty,₹195,https://cdn.quicksell.co/-OQIdzkXGxkY9q31SvxI/products_400/-On3RIzKlbGoD1aaHqIV.jpg,
KIDS SMALL TROLLEY TOOLS,₹195,https://cdn.quicksell.co/-OQIdzkXGxkY9q31SvxI/products_400/-On3RFxEf2hokxCTh_Ah.jpg,
KIDS SMALL TROLLEY DOCTOR,₹195,https://cdn.quicksell.co/-OQIdzkXGxkY9q31SvxI/products_400/-On3RE-q5SiwW5WcKnCE.jpg,
TB 997-5 RATTLE,₹175,https://cdn.quicksell.co/-OQIdzkXGxkY9q31SvxI/products_400/-Om9dnXfsbAJIlFt_sNy.jpg,
TB 1032 7PC CHU CHU,₹95,https://cdn.quicksell.co/-OQIdzkXGxkY9q31SvxI/products_400/-Om9cgySSSaPozaLaqTc.jpg,
TB 1016 CHU CHU TOYS,₹175,https://cdn.quicksell.co/-OQIdzkXGxkY9q31SvxI/products_400/-Om9c9NqTzcoc88I8Gqb.jpg,
BIG FUN PIANO ( ELECTRONIC KEYBORD ),₹340,https://cdn.quicksell.co/-OQIdzkXGxkY9q31SvxI/products_400/-OTqPAOCMbK3zbsoTwXB.jpg,
DANCING BOY WITH LIGHT & SOUND,₹275,https://cdn.quicksell.co/-OQIdzkXGxkY9q31SvxI/products_400/-OTgR234pxqmfSl_4nIR.jpg,
B/O DANCING MONKEY WITH LIGHT & SOUND,₹280,https://cdn.quicksell.co/-OQIdzkXGxkY9q31SvxI/products_400/-OTGP4e6vIDBa7H9OlGq.jpg,
WIRELESS VIDEO GAME S10,₹390,https://cdn.quicksell.co/-OQIdzkXGxkY9q31SvxI/products_400/-OSsN1onkEac8dc0HKwJ.jpg,
PORTABLE MINI PRINTER,₹490,https://cdn.quicksell.co/-OQIdzkXGxkY9q31SvxI/products_400/-OSsLtPqdpiDybaGYuJL.jpg,
12 PC ANIMAL SET,₹330,https://cdn.quicksell.co/-OQIdzkXGxkY9q31SvxI/products_400/-OSYjywB6SEre9-Ym0kH.jpg,
B/O GUITAR RABBIT,₹290,https://cdn.quicksell.co/-OQIdzkXGxkY9q31SvxI/products_400/-OS8_DPnG_gwHOyFL0ZF.jpg,
DRUM KEYBOARD,₹290,https://cdn.quicksell.co/-OQIdzkXGxkY9q31SvxI/products_400/-ORKoisHfnfw3o7Jn8kU.jpg,
FRICTION METRO,₹390,https://cdn.quicksell.co/-OQIdzkXGxkY9q31SvxI/products_400/-ORKi5USDW4JTDPD5drM.jpg,
MEGNATIC DART MEDIUM SIZE,₹330,https://cdn.quicksell.co/-OQIdzkXGxkY9q31SvxI/products_400/-ORGnV1fS6kTvuAt0Kt6.jpg,
SOFT PROJECTER MIX,₹350,https://cdn.quicksell.co/-OQIdzkXGxkY9q31SvxI/products_400/-ORBc6_BUbAidFxSCZXe.jpg,
FRICTION DEFENDER WITH LIGHT & MUSIC,₹490,https://cdn.quicksell.co/-OQIdzkXGxkY9q31SvxI/products_400/-OR0WpLGvcrbbcIZLRzc.jpg,
FRICTION G-WAGON CAR,₹490,https://cdn.quicksell.co/-OQIdzkXGxkY9q31SvxI/products_400/-OR0RMA1DqOxEJAbT5oJ.jpg,
B/O PANDA WITH LIGHT & SOUND,₹295,https://cdn.quicksell.co/-OQIdzkXGxkY9q31SvxI/products_400/-OQgWcJlC5-1DscHGe8b.jpg,
HOPSCOTCH GAME,₹400,https://cdn.quicksell.co/-OQIdzkXGxkY9q31SvxI/products_400/-OQbrv9ec0FVAX5YE9QZ.jpg,
ENGLISH LEARNING LAPTOP,₹520,https://cdn.quicksell.co/-OQIdzkXGxkY9q31SvxI/products_400/-OQbOiDeZA-zyOymWVqQ.jpg,
GY8178 GUITAR,₹540,https://cdn.quicksell.co/-OQIdzkXGxkY9q31SvxI/products_400/-OoPpX12_fcOQk3y1Wob.jpg,
HE 801 WALKER,₹950,https://cdn.quicksell.co/-OQIdzkXGxkY9q31SvxI/products_400/-OoPo1ra3ayS7B_aIe0V.jpg,
TB028 Toy boi PLAY GYM,₹650,https://cdn.quicksell.co/-OQIdzkXGxkY9q31SvxI/products_400/-OoPn737R_qpT4A9uicN.jpg,
103 B/O CERAMIC PAINTING POTTERY WHEEL WITH STAND,₹570,https://cdn.quicksell.co/-OQIdzkXGxkY9q31SvxI/products_400/-OoPisMACunRtStyFSHw.jpg,
KIDS PHONE,₹800,https://cdn.quicksell.co/-OQIdzkXGxkY9q31SvxI/products_400/-OoA59UL642kCtbhcBE_.jpg,
2024/1/4/5/8 MOTOR CYCLE DIE CAST,₹620,https://cdn.quicksell.co/-OQIdzkXGxkY9q31SvxI/products_400/-Oo-1X-q41Mrjjot9cwI.jpg,
Karaoke Mic High Quality,₹750,https://cdn.quicksell.co/-OQIdzkXGxkY9q31SvxI/products_400/-OnryUTZ6Coy7eB5kc3k.jpg,
660-S122 COLOUR CHANGING WASHING TRACK,₹600,https://cdn.quicksell.co/-OQIdzkXGxkY9q31SvxI/products_400/-Onry4jsSX3Mzu4exS20.jpg,
GYRO FORCE,₹600,https://cdn.quicksell.co/-OQIdzkXGxkY9q31SvxI/products_400/-Onry4jmo5p14dRZFtGw.jpg,
1901 -381 A CLASSIC DIE CAST,₹880,https://cdn.quicksell.co/-OQIdzkXGxkY9q31SvxI/products_400/-Onfr1wKCYCRfoHvGB_A.jpg,
SR-2413 DIE CAST METAL,₹880,https://cdn.quicksell.co/-OQIdzkXGxkY9q31SvxI/products_400/-Onfr14j8ONYwJdAIPvx.jpg,
SR-2408 RANGE ROVER DIE CAST,₹880,https://cdn.quicksell.co/-OQIdzkXGxkY9q31SvxI/products_400/-Onfr14ipXoILAeT9WeW.jpg,
SR 2401- DIE CAST METAL,₹880,https://cdn.quicksell.co/-OQIdzkXGxkY9q31SvxI/products_400/-Onfr14ffWRRjaiGIT8P.jpg,
2411B DIE CAST METAL,₹500,https://cdn.quicksell.co/-OQIdzkXGxkY9q31SvxI/products_400/-OnLqvuipgtqsPAaXybj.jpg,
3688C LITTLE DRIVER,₹780,https://cdn.quicksell.co/-OQIdzkXGxkY9q31SvxI/products_400/-OmJDW3uFgkzXI-Rd1lq.jpg,
ANNIE LSB GAME,₹160,https://cdn.quicksell.co/-OQIdzkXGxkY9q31SvxI/products_400/-OnGkPESC-TLc1dujew0.jpg,
HUMAN BODY 4D LEARNING KIT AR,₹430,https://cdn.quicksell.co/-OQIdzkXGxkY9q31SvxI/products_400/-Olv3Yozi2gwQEyEwH5n.jpg,
ANIMAL AR 3D SAFARI,₹430,https://cdn.quicksell.co/-OQIdzkXGxkY9q31SvxI/products_400/-Olv3Yovsn_F4nHOfbi2.jpg,
SHOOT A BASKET,₹175,https://cdn.quicksell.co/-OQIdzkXGxkY9q31SvxI/products_400/-OfExeJW1szREc7ViVfQ.jpg,
SPIN TAMBOLA,₹230,https://cdn.quicksell.co/-OQIdzkXGxkY9q31SvxI/products_400/-Oa9DvmhWImmHMAXXkzb.jpg,
DIY CRAFT BOX,₹240,https://cdn.quicksell.co/-OQIdzkXGxkY9q31SvxI/products_400/-OZhgpL9XnefhZC-rRSR.jpg,
43 THRILL ACTION SHOOT A BASKET,₹290,https://cdn.quicksell.co/-OQIdzkXGxkY9q31SvxI/products_400/-OZhgpL5hvj_cFbA2pmw.jpg,
151 3in1 Science Lab,₹440,https://cdn.quicksell.co/-OQIdzkXGxkY9q31SvxI/products_400/-OZhgpL20xLX7akPIFoL.jpg,
149 Science Biology,₹365,https://cdn.quicksell.co/-OQIdzkXGxkY9q31SvxI/products_400/-OZhgpKzWFnVgX32N4R4.jpg,
GLOW ROCK PAINTING,₹240,https://cdn.quicksell.co/-OQIdzkXGxkY9q31SvxI/products_400/-OZDj5P9jzaWYfueIfsH.jpg,
SHELL PAINTING CRAFT,₹200,https://cdn.quicksell.co/-OQIdzkXGxkY9q31SvxI/products_400/-OZDj5P7lhrVM4h9Ntz3.jpg,
DOUGH PLAY STATION,₹175,https://cdn.quicksell.co/-OQIdzkXGxkY9q31SvxI/products_400/-OZDj5P6pbKC4ILjLqdf.jpg,
PLAY SAND,₹130,https://cdn.quicksell.co/-OQIdzkXGxkY9q31SvxI/products_400/-OZDj5P5FqkQX1l7M3DZ.jpg,
AIRDRYCLAY Fridge magnets,₹250,https://cdn.quicksell.co/-OQIdzkXGxkY9q31SvxI/products_400/-OZDj5P3bO6x94cJ2aCA.jpg,
JUMBO SEQUENCE,₹430,https://cdn.quicksell.co/-OQIdzkXGxkY9q31SvxI/products_400/-OY7WzRCEPmwYkHlPYrU.jpg,
PICTUREKA GAME,₹340,https://cdn.quicksell.co/-OQIdzkXGxkY9q31SvxI/products_400/-OY7WzR7CWDzhxlcuznf.jpg,
MAGNETIC CHESS FOLDING,₹210,https://cdn.quicksell.co/-OQIdzkXGxkY9q31SvxI/products_400/-OW_znWe3_W2FBuEcA9g.jpg,
WORLD MAP,₹230,https://cdn.quicksell.co/-OQIdzkXGxkY9q31SvxI/products_400/-OW_znWdyx0oGTjQPZem.jpg,
SOLAR System PUZZLE,₹230,https://cdn.quicksell.co/-OQIdzkXGxkY9